{
    "Main chain": [
        {
            "Previous Hash": "Genesis",
            "Data": "Test",
            "Proof of work": 24,
            "Correction hash": "Correction"
        },
        {
            "Previous Hash": "00c7a3be93f1bf7c0f586ac83c6849689bf43dd2d2faf497749ff015ead62b05",
            "Data": "Hello world!",
            "Proof of work": 55,
            "Correction hash": "Correction"
        },
        {
            "Previous Hash": "00d7f77e87cefd0d6b3dc165fa4cb0f4512d0fe3723592f1156a0678ee5e3286",
            "Data": "another message",
            "Proof of work": 89,
            "Correction hash": "Correction"
        },
        {
            "Previous Hash": "0040c79df9f67aac3f78bc90d45f6f868711b16f4ad545d4d8629026f6b67c78",
            "Data": "test 3",
            "Proof of work": 122,
            "Correction hash": "Correction"
        },
        {
            "Previous Hash": "005e502d39b09d4195084ca23711737734abcd1baa32ded0583778309d7db829",
            "Data": "test 4",
            "Proof of work": 28,
            "Correction hash": "Correction"
        },
        {
            "Previous Hash": "004b25194f07f7c8e7e5d4048ee832d86485c12e7b4478a46720d4e9444de493",
            "Data": "stest5",
            "Proof of work": 361,
            "Correction hash": "Correction"
        }
    ],
    "Correction chain": []
}